Codon,Count,Frequency,Percentage
ATG,27,0.037,3.7%
CTG,12,0.016,1.6%
ACT,6,0.008,0.8%
GAA,35,0.047,4.7%
TAT,10,0.014,1.4%
AAA,14,0.019,1.9%
CTT,8,0.011,1.1%
GTG,8,0.011,1.1%
GTA,10,0.014,1.4%
GTT,7,0.009,0.9%
GGA,9,0.012,1.2%
GCT,10,0.014,1.4%
GGT,6,0.008,0.8%
GGC,12,0.016,1.6%
AAG,9,0.012,1.2%
AGT,9,0.012,1.2%
GCC,9,0.012,1.2%
TTG,9,0.012,1.2%
ACG,5,0.007,0.7%
ATA,7,0.009,0.9%
CAG,42,0.057,5.7%
CTA,5,0.007,0.7%
ATT,13,0.018,1.8%
AAT,12,0.016,1.6%
CAT,4,0.005,0.5%
TTT,20,0.027,2.7%
GAC,21,0.028,2.8%
GAT,32,0.043,4.3%
CCA,8,0.011,1.1%
ACA,8,0.011,1.1%
GAG,27,0.037,3.7%
TCC,8,0.011,1.1%
TAC,9,0.012,1.2%
AGG,11,0.015,1.5%
CAA,11,0.015,1.5%
ACC,4,0.005,0.5%
TGT,5,0.007,0.7%
CTC,12,0.016,1.6%
GCA,12,0.016,1.6%
GGG,6,0.008,0.8%
TAA,14,0.019,1.9%
TCT,5,0.007,0.7%
CCT,9,0.012,1.2%
CCC,7,0.009,0.9%
GCG,14,0.019,1.9%
AGC,8,0.011,1.1%
CCG,8,0.011,1.1%
TAG,4,0.005,0.5%
TGG,11,0.015,1.5%
ATC,5,0.007,0.7%
TCG,4,0.005,0.5%
TGC,16,0.022,2.2%
CGG,95,0.129,12.9%
TTC,8,0.011,1.1%
GTC,2,0.003,0.3%
AAC,10,0.014,1.4%
TGA,2,0.003,0.3%
TCA,7,0.009,0.9%
TTA,4,0.005,0.5%
CGT,1,0.001,0.1%
AGA,5,0.007,0.7%
CGC,6,0.008,0.8%
CAC,1,0.001,0.1%
CGA,1,0.001,0.1%
